98a41f8c8b7a74929b34362e498451c2	16S_rRNA::AG-919-K21_NODE_6:9002-10532(-)	100.000	373	0	0	1	373	525	897	0.0	689
98a41f8c8b7a74929b34362e498451c2	16S_rRNA::AG-917-P23_NODE_6:3393-4923(+)	100.000	373	0	0	1	373	525	897	0.0	689
98a41f8c8b7a74929b34362e498451c2	16S_rRNA::AG-916-P19_NODE_1:225539-227069(+)	100.000	373	0	0	1	373	525	897	0.0	689
98a41f8c8b7a74929b34362e498451c2	16S_rRNA::AG-915-G15_NODE_9:41571-43101(-)	100.000	373	0	0	1	373	525	897	0.0	689
98a41f8c8b7a74929b34362e498451c2	16S_rRNA::AG-912-B17_NODE_9:18920-20450(+)	100.000	373	0	0	1	373	525	897	0.0	689
98a41f8c8b7a74929b34362e498451c2	16S_rRNA::AG-910-F05_NODE_6:13905-15435(-)	100.000	373	0	0	1	373	525	897	0.0	689
98a41f8c8b7a74929b34362e498451c2	16S_rRNA::AG-909-I05_NODE_5:11144-12674(+)	100.000	373	0	0	1	373	525	897	0.0	689
98a41f8c8b7a74929b34362e498451c2	16S_rRNA::AG-909-D20_NODE_20:9543-11073(-)	100.000	373	0	0	1	373	525	897	0.0	689
98a41f8c8b7a74929b34362e498451c2	16S_rRNA::AG-908-O03_NODE_16:6123-7653(+)	100.000	373	0	0	1	373	525	897	0.0	689
98a41f8c8b7a74929b34362e498451c2	16S_rRNA::AG-908-K13_NODE_2:11477-13007(+)	100.000	373	0	0	1	373	525	897	0.0	689
98a41f8c8b7a74929b34362e498451c2	16S_rRNA::AG-905-M08_NODE_1:24322-25852(+)	100.000	373	0	0	1	373	525	897	0.0	689
98a41f8c8b7a74929b34362e498451c2	16S_rRNA::AG-904-I15_NODE_5:13229-14759(+)	100.000	373	0	0	1	373	525	897	0.0	689
98a41f8c8b7a74929b34362e498451c2	16S_rRNA::AG-904-C17_NODE_4:17185-18715(-)	100.000	373	0	0	1	373	525	897	0.0	689
98a41f8c8b7a74929b34362e498451c2	16S_rRNA::AG-898-B16_NODE_1:174855-176385(+)	100.000	373	0	0	1	373	525	897	0.0	689
98a41f8c8b7a74929b34362e498451c2	16S_rRNA::AG-894-D08_NODE_14:6507-8037(+)	100.000	373	0	0	1	373	525	897	0.0	689
98a41f8c8b7a74929b34362e498451c2	16S_rRNA::AG-894-B20_NODE_1:180799-182329(+)	100.000	373	0	0	1	373	525	897	0.0	689
98a41f8c8b7a74929b34362e498451c2	16S_rRNA::AG-893-O03_NODE_11:16910-18440(-)	100.000	373	0	0	1	373	525	897	0.0	689
98a41f8c8b7a74929b34362e498451c2	16S_rRNA::AG-893-L08_NODE_1:35754-37284(-)	100.000	373	0	0	1	373	525	897	0.0	689
98a41f8c8b7a74929b34362e498451c2	16S_rRNA::AG-892-G04_NODE_4:47091-48621(-)	100.000	373	0	0	1	373	525	897	0.0	689
98a41f8c8b7a74929b34362e498451c2	16S_rRNA::AG-891-G15_NODE_2:93347-94877(-)	100.000	373	0	0	1	373	525	897	0.0	689
98a41f8c8b7a74929b34362e498451c2	16S_rRNA::AG-453-N19_NODE_25:0-1512(+)	100.000	373	0	0	1	373	507	879	0.0	689
98a41f8c8b7a74929b34362e498451c2	16S_rRNA::AG-453-K21_NODE_1:8237-9767(+)	100.000	373	0	0	1	373	525	897	0.0	689
98a41f8c8b7a74929b34362e498451c2	16S_rRNA::AG-390-J09_NODE_1:381407-382937(+)	100.000	373	0	0	1	373	525	897	0.0	689
98a41f8c8b7a74929b34362e498451c2	16S_rRNA::AG-360-K06_NODE_10:12776-14306(+)	100.000	373	0	0	1	373	525	897	0.0	689
98a41f8c8b7a74929b34362e498451c2	16S_rRNA::AG-359-G23_NODE_3:12353-13883(-)	100.000	373	0	0	1	373	525	897	0.0	689
98a41f8c8b7a74929b34362e498451c2	16S_rRNA::AG-359-D15_NODE_6:25711-27241(+)	100.000	373	0	0	1	373	525	897	0.0	689
3d0d96ced1f2cb596c86e245d598baa2	16S_rRNA::AH-326-J15_NODE_1:303606-305136(+)	100.000	373	0	0	1	373	524	896	0.0	689
3d0d96ced1f2cb596c86e245d598baa2	16S_rRNA::AH-326-D05_NODE_2:6224-7754(-)	100.000	373	0	0	1	373	524	896	0.0	689
3d0d96ced1f2cb596c86e245d598baa2	16S_rRNA::AH-324-F05_NODE_9:364-1894(-)	100.000	373	0	0	1	373	524	896	0.0	689
3d0d96ced1f2cb596c86e245d598baa2	16S_rRNA::AH-287-O06_NODE_1:46701-48231(+)	100.000	373	0	0	1	373	524	896	0.0	689
3d0d96ced1f2cb596c86e245d598baa2	16S_rRNA::AH-287-N14_NODE_2:13853-15383(+)	100.000	373	0	0	1	373	524	896	0.0	689
3d0d96ced1f2cb596c86e245d598baa2	16S_rRNA::AH-287-J23_NODE_2:26648-28178(-)	100.000	373	0	0	1	373	524	896	0.0	689
3d0d96ced1f2cb596c86e245d598baa2	16S_rRNA::AG-920-M16_NODE_4:17954-19484(+)	100.000	373	0	0	1	373	524	896	0.0	689
3d0d96ced1f2cb596c86e245d598baa2	16S_rRNA::AG-919-M15_NODE_1:241628-243158(+)	100.000	373	0	0	1	373	524	896	0.0	689
3d0d96ced1f2cb596c86e245d598baa2	16S_rRNA::AG-919-I22_NODE_25:0-1289(+)	100.000	373	0	0	1	373	283	655	0.0	689
3d0d96ced1f2cb596c86e245d598baa2	16S_rRNA::AG-918-K05_NODE_7:36327-37857(+)	100.000	373	0	0	1	373	524	896	0.0	689
3d0d96ced1f2cb596c86e245d598baa2	16S_rRNA::AG-917-M23_NODE_3:58856-60386(-)	100.000	373	0	0	1	373	524	896	0.0	689
3d0d96ced1f2cb596c86e245d598baa2	16S_rRNA::AG-917-M04_NODE_16:1491-3021(+)	100.000	373	0	0	1	373	524	896	0.0	689
3d0d96ced1f2cb596c86e245d598baa2	16S_rRNA::AG-917-B10_NODE_4:44867-46397(-)	100.000	373	0	0	1	373	524	896	0.0	689
3d0d96ced1f2cb596c86e245d598baa2	16S_rRNA::AG-914-O04_NODE_1:45954-47484(-)	100.000	373	0	0	1	373	524	896	0.0	689
3d0d96ced1f2cb596c86e245d598baa2	16S_rRNA::AG-914-C17_NODE_6:15144-16674(-)	100.000	373	0	0	1	373	524	896	0.0	689
3d0d96ced1f2cb596c86e245d598baa2	16S_rRNA::AG-913-L08_NODE_1:67719-69249(+)	100.000	373	0	0	1	373	524	896	0.0	689
3d0d96ced1f2cb596c86e245d598baa2	16S_rRNA::AG-913-K14_NODE_2:14954-16484(+)	100.000	373	0	0	1	373	524	896	0.0	689
3d0d96ced1f2cb596c86e245d598baa2	16S_rRNA::AG-911-A22_NODE_1:103-1633(-)	100.000	373	0	0	1	373	524	896	0.0	689
3d0d96ced1f2cb596c86e245d598baa2	16S_rRNA::AG-909-L02_NODE_13:10046-11576(+)	100.000	373	0	0	1	373	524	896	0.0	689
3d0d96ced1f2cb596c86e245d598baa2	16S_rRNA::AG-909-B10_NODE_2:12215-13745(-)	100.000	373	0	0	1	373	524	896	0.0	689
3d0d96ced1f2cb596c86e245d598baa2	16S_rRNA::AG-909-A08_NODE_3:22932-24462(+)	100.000	373	0	0	1	373	524	896	0.0	689
3d0d96ced1f2cb596c86e245d598baa2	16S_rRNA::AG-905-D11_NODE_6:45983-47513(+)	100.000	373	0	0	1	373	524	896	0.0	689
3d0d96ced1f2cb596c86e245d598baa2	16S_rRNA::AG-903-A16_NODE_4:6949-8479(+)	100.000	373	0	0	1	373	524	896	0.0	689
3d0d96ced1f2cb596c86e245d598baa2	16S_rRNA::AG-899-K08_NODE_1:20827-22357(+)	100.000	373	0	0	1	373	524	896	0.0	689
3d0d96ced1f2cb596c86e245d598baa2	16S_rRNA::AG-899-C07_NODE_2:593-2123(+)	100.000	373	0	0	1	373	524	896	0.0	689
3d0d96ced1f2cb596c86e245d598baa2	16S_rRNA::AG-895-J05_NODE_7:8304-9834(-)	100.000	373	0	0	1	373	524	896	0.0	689
3d0d96ced1f2cb596c86e245d598baa2	16S_rRNA::AG-894-L16_NODE_1:482803-484333(-)	100.000	373	0	0	1	373	524	896	0.0	689
3d0d96ced1f2cb596c86e245d598baa2	16S_rRNA::AG-893-E22_NODE_1:409346-410876(+)	100.000	373	0	0	1	373	524	896	0.0	689
3d0d96ced1f2cb596c86e245d598baa2	16S_rRNA::AG-893-A01_NODE_2:46530-48060(+)	100.000	373	0	0	1	373	524	896	0.0	689
3d0d96ced1f2cb596c86e245d598baa2	16S_rRNA::AG-892-L09_NODE_2:100460-101990(-)	100.000	373	0	0	1	373	524	896	0.0	689
3d0d96ced1f2cb596c86e245d598baa2	16S_rRNA::AG-892-E05_NODE_4:46548-48078(+)	100.000	373	0	0	1	373	524	896	0.0	689
3d0d96ced1f2cb596c86e245d598baa2	16S_rRNA::AG-892-D07_NODE_1:269943-271473(+)	100.000	373	0	0	1	373	524	896	0.0	689
3d0d96ced1f2cb596c86e245d598baa2	16S_rRNA::AG-892-C04_NODE_9:4244-5774(+)	100.000	373	0	0	1	373	524	896	0.0	689
3d0d96ced1f2cb596c86e245d598baa2	16S_rRNA::AG-891-I20_NODE_3:15679-17209(+)	100.000	373	0	0	1	373	524	896	0.0	689
3d0d96ced1f2cb596c86e245d598baa2	16S_rRNA::AG-457-C20_NODE_6:49460-50990(+)	100.000	373	0	0	1	373	524	896	0.0	689
3d0d96ced1f2cb596c86e245d598baa2	16S_rRNA::AG-457-A04_NODE_6:3667-5197(-)	100.000	373	0	0	1	373	524	896	0.0	689
3d0d96ced1f2cb596c86e245d598baa2	16S_rRNA::AG-439-I06_NODE_25:0-1114(+)	100.000	373	0	0	1	373	108	480	0.0	689
3d0d96ced1f2cb596c86e245d598baa2	16S_rRNA::AG-430-C13_NODE_4:62855-64385(+)	100.000	373	0	0	1	373	524	896	0.0	689
3d0d96ced1f2cb596c86e245d598baa2	16S_rRNA::AG-426-L11_NODE_5:19280-20810(+)	100.000	373	0	0	1	373	524	896	0.0	689
3d0d96ced1f2cb596c86e245d598baa2	16S_rRNA::AG-422-B09_NODE_22:325-1855(-)	100.000	373	0	0	1	373	524	896	0.0	689
3d0d96ced1f2cb596c86e245d598baa2	16S_rRNA::AG-404-K11_NODE_2:27149-28679(-)	100.000	373	0	0	1	373	524	896	0.0	689
3d0d96ced1f2cb596c86e245d598baa2	16S_rRNA::AG-360-N22_NODE_18:11-1079(+)	100.000	373	0	0	1	373	62	434	0.0	689
3d0d96ced1f2cb596c86e245d598baa2	16S_rRNA::AG-360-M02_NODE_6:10441-11971(-)	100.000	373	0	0	1	373	524	896	0.0	689
3d0d96ced1f2cb596c86e245d598baa2	16S_rRNA::AG-360-I17_NODE_17:9755-11285(+)	100.000	373	0	0	1	373	524	896	0.0	689
3d0d96ced1f2cb596c86e245d598baa2	16S_rRNA::AG-359-J04_NODE_1:208340-209870(+)	100.000	373	0	0	1	373	524	896	0.0	689
3d0d96ced1f2cb596c86e245d598baa2	16S_rRNA::AG-359-G11_NODE_1:372162-373692(+)	100.000	373	0	0	1	373	524	896	0.0	689
3d0d96ced1f2cb596c86e245d598baa2	16S_rRNA::AG-349-P09_NODE_15:21858-23388(-)	100.000	373	0	0	1	373	524	896	0.0	689
3d0d96ced1f2cb596c86e245d598baa2	16S_rRNA::AG-343-G10_NODE_8:19239-20769(+)	100.000	373	0	0	1	373	524	896	0.0	689
3d0d96ced1f2cb596c86e245d598baa2	16S_rRNA::AG-333-P16_NODE_3:9042-10572(-)	100.000	373	0	0	1	373	524	896	0.0	689
3d0d96ced1f2cb596c86e245d598baa2	16S_rRNA::AG-333-M20_NODE_5:17123-18653(+)	100.000	373	0	0	1	373	524	896	0.0	689
3d0d96ced1f2cb596c86e245d598baa2	16S_rRNA::AG-333-I02_NODE_7:7892-9422(-)	100.000	373	0	0	1	373	524	896	0.0	689
3d0d96ced1f2cb596c86e245d598baa2	16S_rRNA::AG-333-D17_NODE_33:4301-5831(+)	100.000	373	0	0	1	373	524	896	0.0	689
84116e0fbfc1cc20a9945f057e7e2e0b	16S_rRNA::AH-287-I17_NODE_15:16320-17846(+)	100.000	369	0	0	1	369	525	893	0.0	682
84116e0fbfc1cc20a9945f057e7e2e0b	16S_rRNA::AG-919-N06_NODE_4:67306-68832(-)	100.000	369	0	0	1	369	525	893	0.0	682
84116e0fbfc1cc20a9945f057e7e2e0b	16S_rRNA::AG-919-N02_NODE_10:571-2097(-)	100.000	369	0	0	1	369	525	893	0.0	682
84116e0fbfc1cc20a9945f057e7e2e0b	16S_rRNA::AG-919-F20_NODE_3:44902-46428(-)	100.000	369	0	0	1	369	525	893	0.0	682
84116e0fbfc1cc20a9945f057e7e2e0b	16S_rRNA::AG-918-O03_NODE_2:1576-3102(+)	100.000	369	0	0	1	369	525	893	0.0	682
84116e0fbfc1cc20a9945f057e7e2e0b	16S_rRNA::AG-917-M19_NODE_2:17317-18843(-)	100.000	369	0	0	1	369	525	893	0.0	682
84116e0fbfc1cc20a9945f057e7e2e0b	16S_rRNA::AG-917-C17_NODE_1:79614-81140(+)	100.000	369	0	0	1	369	525	893	0.0	682
84116e0fbfc1cc20a9945f057e7e2e0b	16S_rRNA::AG-916-M04_NODE_22:1215-2741(+)	100.000	369	0	0	1	369	525	893	0.0	682
84116e0fbfc1cc20a9945f057e7e2e0b	16S_rRNA::AG-916-E07_NODE_3:16951-18477(+)	100.000	369	0	0	1	369	525	893	0.0	682
84116e0fbfc1cc20a9945f057e7e2e0b	16S_rRNA::AG-915-K19_NODE_1:278025-279551(-)	100.000	369	0	0	1	369	525	893	0.0	682
84116e0fbfc1cc20a9945f057e7e2e0b	16S_rRNA::AG-915-F07_NODE_2:153283-154809(-)	100.000	369	0	0	1	369	525	893	0.0	682
84116e0fbfc1cc20a9945f057e7e2e0b	16S_rRNA::AG-914-F13_NODE_3:125547-127073(-)	100.000	369	0	0	1	369	525	893	0.0	682
84116e0fbfc1cc20a9945f057e7e2e0b	16S_rRNA::AG-912-N14_NODE_4:6614-8140(+)	100.000	369	0	0	1	369	525	893	0.0	682
84116e0fbfc1cc20a9945f057e7e2e0b	16S_rRNA::AG-912-K16_NODE_7:32098-33624(-)	100.000	369	0	0	1	369	525	893	0.0	682
84116e0fbfc1cc20a9945f057e7e2e0b	16S_rRNA::AG-911-O04_NODE_1:69352-70878(-)	100.000	369	0	0	1	369	525	893	0.0	682
84116e0fbfc1cc20a9945f057e7e2e0b	16S_rRNA::AG-911-N03_NODE_17:2412-3938(+)	100.000	369	0	0	1	369	525	893	0.0	682
84116e0fbfc1cc20a9945f057e7e2e0b	16S_rRNA::AG-911-J15_NODE_5:62074-63600(-)	100.000	369	0	0	1	369	525	893	0.0	682
84116e0fbfc1cc20a9945f057e7e2e0b	16S_rRNA::AG-911-G14_NODE_1:808693-810219(-)	100.000	369	0	0	1	369	525	893	0.0	682
84116e0fbfc1cc20a9945f057e7e2e0b	16S_rRNA::AG-911-D02_NODE_22:1063-2589(-)	100.000	369	0	0	1	369	525	893	0.0	682
84116e0fbfc1cc20a9945f057e7e2e0b	16S_rRNA::AG-910-D21_NODE_2:1184-2710(+)	100.000	369	0	0	1	369	525	893	0.0	682
84116e0fbfc1cc20a9945f057e7e2e0b	16S_rRNA::AG-909-E23_NODE_2:84516-86042(+)	100.000	369	0	0	1	369	525	893	0.0	682
84116e0fbfc1cc20a9945f057e7e2e0b	16S_rRNA::AG-909-C16_NODE_1:196917-198443(-)	100.000	369	0	0	1	369	525	893	0.0	682
84116e0fbfc1cc20a9945f057e7e2e0b	16S_rRNA::AG-908-I11_NODE_8:19499-21025(+)	100.000	369	0	0	1	369	525	893	0.0	682
84116e0fbfc1cc20a9945f057e7e2e0b	16S_rRNA::AG-908-F10_NODE_25:644-2170(+)	100.000	369	0	0	1	369	525	893	0.0	682
84116e0fbfc1cc20a9945f057e7e2e0b	16S_rRNA::AG-908-E19_NODE_3:76105-77631(-)	100.000	369	0	0	1	369	525	893	0.0	682
84116e0fbfc1cc20a9945f057e7e2e0b	16S_rRNA::AG-908-C20_NODE_13:0-899(-)	100.000	369	0	0	1	369	525	893	0.0	682
84116e0fbfc1cc20a9945f057e7e2e0b	16S_rRNA::AG-907-N16_NODE_13:5867-7393(+)	100.000	369	0	0	1	369	525	893	0.0	682
84116e0fbfc1cc20a9945f057e7e2e0b	16S_rRNA::AG-905-N06_NODE_7:5372-6898(-)	100.000	369	0	0	1	369	525	893	0.0	682
84116e0fbfc1cc20a9945f057e7e2e0b	16S_rRNA::AG-903-O02_NODE_10:3109-4635(-)	100.000	369	0	0	1	369	525	893	0.0	682
84116e0fbfc1cc20a9945f057e7e2e0b	16S_rRNA::AG-903-J19_NODE_3:3794-5320(+)	100.000	369	0	0	1	369	525	893	0.0	682
84116e0fbfc1cc20a9945f057e7e2e0b	16S_rRNA::AG-900-K02_NODE_39:734-2256(+)	100.000	369	0	0	1	369	525	893	0.0	682
84116e0fbfc1cc20a9945f057e7e2e0b	16S_rRNA::AG-900-C13_NODE_3:0-920(-)	100.000	369	0	0	1	369	525	893	0.0	682
84116e0fbfc1cc20a9945f057e7e2e0b	16S_rRNA::AG-900-A10_NODE_3:16952-18478(+)	100.000	369	0	0	1	369	525	893	0.0	682
84116e0fbfc1cc20a9945f057e7e2e0b	16S_rRNA::AG-898-M19_NODE_30:504-2030(+)	100.000	369	0	0	1	369	525	893	0.0	682
84116e0fbfc1cc20a9945f057e7e2e0b	16S_rRNA::AG-896-P11_NODE_6:104983-106509(-)	100.000	369	0	0	1	369	525	893	0.0	682
84116e0fbfc1cc20a9945f057e7e2e0b	16S_rRNA::AG-896-B14_NODE_33:864-2390(-)	100.000	369	0	0	1	369	525	893	0.0	682
84116e0fbfc1cc20a9945f057e7e2e0b	16S_rRNA::AG-895-O02_NODE_1:138354-139880(-)	100.000	369	0	0	1	369	525	893	0.0	682
84116e0fbfc1cc20a9945f057e7e2e0b	16S_rRNA::AG-895-N18_NODE_2:74266-75792(+)	100.000	369	0	0	1	369	525	893	0.0	682
84116e0fbfc1cc20a9945f057e7e2e0b	16S_rRNA::AG-895-M09_NODE_14:17533-19059(-)	100.000	369	0	0	1	369	525	893	0.0	682
84116e0fbfc1cc20a9945f057e7e2e0b	16S_rRNA::AG-894-P14_NODE_2:5734-7260(-)	100.000	369	0	0	1	369	525	893	0.0	682
84116e0fbfc1cc20a9945f057e7e2e0b	16S_rRNA::AG-894-F23_NODE_3:105317-106843(-)	100.000	369	0	0	1	369	525	893	0.0	682
84116e0fbfc1cc20a9945f057e7e2e0b	16S_rRNA::AG-893-N18_NODE_6:15369-16895(-)	100.000	369	0	0	1	369	525	893	0.0	682
84116e0fbfc1cc20a9945f057e7e2e0b	16S_rRNA::AG-893-D04_NODE_5:25889-27415(+)	100.000	369	0	0	1	369	525	893	0.0	682
84116e0fbfc1cc20a9945f057e7e2e0b	16S_rRNA::AG-892-C07_NODE_1:111625-113151(-)	100.000	369	0	0	1	369	525	893	0.0	682
84116e0fbfc1cc20a9945f057e7e2e0b	16S_rRNA::AG-891-D16_NODE_8:13054-14580(+)	100.000	369	0	0	1	369	525	893	0.0	682
84116e0fbfc1cc20a9945f057e7e2e0b	16S_rRNA::AG-461-D17_NODE_3:10466-11992(-)	100.000	369	0	0	1	369	525	893	0.0	682
84116e0fbfc1cc20a9945f057e7e2e0b	16S_rRNA::AG-453-B11_NODE_2:151466-152992(+)	100.000	369	0	0	1	369	525	893	0.0	682
84116e0fbfc1cc20a9945f057e7e2e0b	16S_rRNA::AG-360-D23_NODE_48:155-1681(+)	100.000	369	0	0	1	369	525	893	0.0	682
84116e0fbfc1cc20a9945f057e7e2e0b	16S_rRNA::AG-360-C09_NODE_6:11811-13337(+)	100.000	369	0	0	1	369	525	893	0.0	682
84116e0fbfc1cc20a9945f057e7e2e0b	16S_rRNA::AG-359-K20_NODE_1:43419-44945(+)	100.000	369	0	0	1	369	525	893	0.0	682
84116e0fbfc1cc20a9945f057e7e2e0b	16S_rRNA::AG-359-K11_NODE_12:45-1366(+)	100.000	369	0	0	1	369	320	688	0.0	682
84116e0fbfc1cc20a9945f057e7e2e0b	16S_rRNA::AG-359-B15_NODE_5:20847-22373(-)	100.000	369	0	0	1	369	525	893	0.0	682
84116e0fbfc1cc20a9945f057e7e2e0b	16S_rRNA::AG-359-B13_NODE_27:2112-3638(+)	100.000	369	0	0	1	369	525	893	0.0	682
84116e0fbfc1cc20a9945f057e7e2e0b	16S_rRNA::AG-337-O23_NODE_4:16948-18474(+)	100.000	369	0	0	1	369	525	893	0.0	682
84116e0fbfc1cc20a9945f057e7e2e0b	16S_rRNA::AG-337-I09_NODE_2:21775-23301(-)	100.000	369	0	0	1	369	525	893	0.0	682
ab8713aab2e3548dfad39f6e82f9ed4d	16S_rRNA::AH-326-I09_NODE_5:1-1406(+)	100.000	370	0	0	1	370	402	771	0.0	684
ab8713aab2e3548dfad39f6e82f9ed4d	16S_rRNA::AH-324-J20_NODE_33:666-2195(+)	100.000	370	0	0	1	370	526	895	0.0	684
ab8713aab2e3548dfad39f6e82f9ed4d	16S_rRNA::AH-287-M14_NODE_1:215001-216530(-)	100.000	370	0	0	1	370	526	895	0.0	684
ab8713aab2e3548dfad39f6e82f9ed4d	16S_rRNA::AG-918-M22_NODE_2:142100-143629(-)	100.000	370	0	0	1	370	526	895	0.0	684
ab8713aab2e3548dfad39f6e82f9ed4d	16S_rRNA::AG-913-G18_NODE_1:252533-254062(-)	100.000	370	0	0	1	370	526	895	0.0	684
ab8713aab2e3548dfad39f6e82f9ed4d	16S_rRNA::AG-899-P03_NODE_5:1242-2771(+)	100.000	370	0	0	1	370	526	895	0.0	684
ab8713aab2e3548dfad39f6e82f9ed4d	16S_rRNA::AG-453-A18_NODE_4:37571-39100(-)	100.000	370	0	0	1	370	526	895	0.0	684
ab8713aab2e3548dfad39f6e82f9ed4d	16S_rRNA::AG-447-O04_NODE_2:48277-49806(-)	100.000	370	0	0	1	370	526	895	0.0	684
ab8713aab2e3548dfad39f6e82f9ed4d	16S_rRNA::AG-422-P16_AG-422-P16_NODE_14:17494-19023(-)	100.000	370	0	0	1	370	526	895	0.0	684
ab8713aab2e3548dfad39f6e82f9ed4d	16S_rRNA::AG-404-D10_NODE_1:85937-87466(-)	100.000	370	0	0	1	370	526	895	0.0	684
ab8713aab2e3548dfad39f6e82f9ed4d	16S_rRNA::AG-390-O18_AG-390-O18_NODE_2:16958-18487(-)	100.000	370	0	0	1	370	526	895	0.0	684
55971ffc1718eb3f8d1d8043bc11d097	16S_rRNA::AH-321-O14_NODE_2:108899-110429(+)	100.000	373	0	0	1	373	524	896	0.0	689
55971ffc1718eb3f8d1d8043bc11d097	16S_rRNA::AH-321-C05_NODE_8:34486-36016(+)	100.000	373	0	0	1	373	524	896	0.0	689
55971ffc1718eb3f8d1d8043bc11d097	16S_rRNA::AG-920-I08_NODE_1:213711-215241(+)	100.000	373	0	0	1	373	524	896	0.0	689
55971ffc1718eb3f8d1d8043bc11d097	16S_rRNA::AG-917-M21_NODE_10:19321-20851(+)	100.000	373	0	0	1	373	524	896	0.0	689
55971ffc1718eb3f8d1d8043bc11d097	16S_rRNA::AG-915-D11_NODE_14:4093-5623(-)	100.000	373	0	0	1	373	524	896	0.0	689
55971ffc1718eb3f8d1d8043bc11d097	16S_rRNA::AG-913-G13_NODE_1:569092-570622(+)	100.000	373	0	0	1	373	524	896	0.0	689
55971ffc1718eb3f8d1d8043bc11d097	16S_rRNA::AG-911-D14_NODE_1:64922-66452(-)	100.000	373	0	0	1	373	524	896	0.0	689
55971ffc1718eb3f8d1d8043bc11d097	16S_rRNA::AG-905-J08_NODE_1:101-1631(-)	100.000	373	0	0	1	373	524	896	0.0	689
55971ffc1718eb3f8d1d8043bc11d097	16S_rRNA::AG-898-F03_NODE_3:51334-52864(+)	100.000	373	0	0	1	373	524	896	0.0	689
55971ffc1718eb3f8d1d8043bc11d097	16S_rRNA::AG-897-E21_NODE_1:148273-149803(-)	100.000	373	0	0	1	373	524	896	0.0	689
55971ffc1718eb3f8d1d8043bc11d097	16S_rRNA::AG-895-O10_NODE_6:4254-5784(+)	100.000	373	0	0	1	373	524	896	0.0	689
55971ffc1718eb3f8d1d8043bc11d097	16S_rRNA::AG-895-K04_NODE_2:41077-42607(+)	100.000	373	0	0	1	373	524	896	0.0	689
55971ffc1718eb3f8d1d8043bc11d097	16S_rRNA::AG-895-J06_NODE_4:51272-52802(+)	100.000	373	0	0	1	373	524	896	0.0	689
55971ffc1718eb3f8d1d8043bc11d097	16S_rRNA::AG-893-P19_NODE_7:16859-18389(+)	100.000	373	0	0	1	373	524	896	0.0	689
55971ffc1718eb3f8d1d8043bc11d097	16S_rRNA::AG-892-I16_NODE_6:15902-17432(+)	100.000	373	0	0	1	373	524	896	0.0	689
55971ffc1718eb3f8d1d8043bc11d097	16S_rRNA::AG-891-I17_NODE_4:16883-18413(-)	100.000	373	0	0	1	373	524	896	0.0	689
55971ffc1718eb3f8d1d8043bc11d097	16S_rRNA::AG-891-D23_NODE_4:57441-58971(-)	100.000	373	0	0	1	373	524	896	0.0	689
55971ffc1718eb3f8d1d8043bc11d097	16S_rRNA::AG-457-J11_NODE_1:83502-85032(+)	100.000	373	0	0	1	373	524	896	0.0	689
55971ffc1718eb3f8d1d8043bc11d097	16S_rRNA::AG-457-F06_NODE_4:12625-14155(-)	100.000	373	0	0	1	373	524	896	0.0	689
55971ffc1718eb3f8d1d8043bc11d097	16S_rRNA::AG-457-B04_NODE_1:100858-102388(-)	100.000	373	0	0	1	373	524	896	0.0	689
55971ffc1718eb3f8d1d8043bc11d097	16S_rRNA::AG-430-I08_NODE_6:1827-3357(+)	100.000	373	0	0	1	373	524	896	0.0	689
55971ffc1718eb3f8d1d8043bc11d097	16S_rRNA::AG-426-P03_NODE_8:19561-21091(+)	100.000	373	0	0	1	373	524	896	0.0	689
55971ffc1718eb3f8d1d8043bc11d097	16S_rRNA::AG-390-P05_NODE_2:19509-21040(+)	100.000	373	0	0	1	373	525	897	0.0	689
55971ffc1718eb3f8d1d8043bc11d097	16S_rRNA::AG-390-L13_NODE_7:10745-12276(-)	100.000	373	0	0	1	373	525	897	0.0	689
55971ffc1718eb3f8d1d8043bc11d097	16S_rRNA::AG-390-K17_NODE_2:58703-60233(-)	100.000	373	0	0	1	373	524	896	0.0	689
55971ffc1718eb3f8d1d8043bc11d097	16S_rRNA::AG-360-P20_NODE_5:353-1883(+)	100.000	373	0	0	1	373	524	896	0.0	689
55971ffc1718eb3f8d1d8043bc11d097	16S_rRNA::AG-349-M22_NODE_31:75-1605(-)	100.000	373	0	0	1	373	524	896	0.0	689
55971ffc1718eb3f8d1d8043bc11d097	16S_rRNA::AG-349-K16_NODE_9:4915-6445(-)	100.000	373	0	0	1	373	524	896	0.0	689
55971ffc1718eb3f8d1d8043bc11d097	16S_rRNA::AG-349-I18_NODE_26:3298-4787(-)	100.000	373	0	0	1	373	483	855	0.0	689
55971ffc1718eb3f8d1d8043bc11d097	16S_rRNA::AG-349-C03_NODE_5:76194-77724(-)	100.000	373	0	0	1	373	524	896	0.0	689
55971ffc1718eb3f8d1d8043bc11d097	16S_rRNA::AG-337-O18_NODE_11:15628-17158(+)	100.000	373	0	0	1	373	524	896	0.0	689
55971ffc1718eb3f8d1d8043bc11d097	16S_rRNA::AG-337-G10_NODE_13:936-2466(+)	100.000	373	0	0	1	373	524	896	0.0	689
55971ffc1718eb3f8d1d8043bc11d097	16S_rRNA::AG-333-J13_NODE_10:22483-24013(-)	100.000	373	0	0	1	373	524	896	0.0	689
55971ffc1718eb3f8d1d8043bc11d097	16S_rRNA::AG-333-I15_NODE_6:0-1488(-)	100.000	373	0	0	1	373	524	896	0.0	689
55971ffc1718eb3f8d1d8043bc11d097	16S_rRNA::AG-325-P15_NODE_1:32146-33676(-)	100.000	373	0	0	1	373	524	896	0.0	689
55971ffc1718eb3f8d1d8043bc11d097	16S_rRNA::AG-325-P10_NODE_1:69736-71266(+)	100.000	373	0	0	1	373	524	896	0.0	689
fa55afe01fad70559b16c332008085f1	16S_rRNA::AG-913-A09_NODE_8:8743-10261(-)	100.000	366	0	0	1	366	518	883	0.0	676
fa55afe01fad70559b16c332008085f1	16S_rRNA::AG-911-I20_NODE_18:4394-5912(+)	100.000	366	0	0	1	366	518	883	0.0	676
fa55afe01fad70559b16c332008085f1	16S_rRNA::AG-909-B20_NODE_1:18817-20335(-)	100.000	366	0	0	1	366	518	883	0.0	676
fa55afe01fad70559b16c332008085f1	16S_rRNA::AG-904-D17_NODE_5:0-1485(+)	100.000	366	0	0	1	366	485	850	0.0	676
fa55afe01fad70559b16c332008085f1	16S_rRNA::AG-899-G19_NODE_12:5840-7358(+)	100.000	366	0	0	1	366	518	883	0.0	676
fa55afe01fad70559b16c332008085f1	16S_rRNA::AG-896-M04_NODE_1:669244-670762(+)	100.000	366	0	0	1	366	518	883	0.0	676
fa55afe01fad70559b16c332008085f1	16S_rRNA::AG-894-D02_NODE_3:13959-15477(-)	100.000	366	0	0	1	366	518	883	0.0	676
fa55afe01fad70559b16c332008085f1	16S_rRNA::AG-893-D09_NODE_2:109761-111279(-)	100.000	366	0	0	1	366	518	883	0.0	676
fa55afe01fad70559b16c332008085f1	16S_rRNA::AG-891-K17_NODE_1:185000-186518(+)	100.000	366	0	0	1	366	518	883	0.0	676
fa55afe01fad70559b16c332008085f1	16S_rRNA::AG-359-B23_NODE_6:7960-9478(-)	100.000	366	0	0	1	366	518	883	0.0	676
